285_RNODE_1_length_12329_9	gb|AAC73566.1|ARO:3003807|Escherichia	gb|AAC73566.1|ARO:3003807|Escherichia coli acrR with mutation conferring multidrug antibiotic resistance [Escherichia coli str. K-12 substr. MG1655] 	6.4e-06	63	28.571	44	72	55	3	64	1	63	LVRAEKPRGDDKRARIIKAAGEQFVLSGLQGP-MSEIAERAHVAIGSLYLYFKSKEELIKAVY	MARKTKQEAQETRQHILDVALRLFSQQGVSSTSLGEIAKAAGVTRGAIYWHFKDKSDLFSEIW
75_LNODE_1_length_32642_40	gb|AAG07988.1|ARO:3004059|Type	gb|AAG07988.1|ARO:3004059|Type A NfxB [Pseudomonas aeruginosa PAO1] 	8.9e-05	38	36.842	21	68	18	8	45	9	43	KIKPAMVIAIDLLVNDPEAKITDVAEKAGVTRATVHNW	RLIKALAVAI---VDRPRATLKELAEAAGVSKATLHRF
297_RNODE_13_length_755597_106	gb|CAD09823.1|ARO:3003479|tetR	gb|CAD09823.1|ARO:3003479|tetR [Salmonella enterica subsp. enterica serovar Typhi str. CT18] 	2.79e-06	56	33.929	37	80	27	11	66	4	59	RGSREGWLDAARAALIEGGIGAVKIQPLAAALALSRTSFYWFFKDRAALLDALLAE	RLDKSKVINSALELLNEVGIEGLTTRKLAQKLGVEQPTLYWHVKNKRALLDALAIE
297_RNODE_13_length_755597_106	gb|AAG05408.1|ARO:3003709|mexZ	gb|AAG05408.1|ARO:3003709|mexZ [Pseudomonas aeruginosa PAO1] 	8.46e-06	44	36.364	28	76	21	13	56	12	55	SREGWLDAARAALIEGGIGAVKIQPLAAALALSRTSFYWFFKDR	TRDGILDAAERVFLEKGVGTTAMADLADAAGVSRGAVYGHYKNK
297_RNODE_14_length_50699_54	gb|AAC73566.1|ARO:3003807|Escherichia	gb|AAC73566.1|ARO:3003807|Escherichia coli acrR with mutation conferring multidrug antibiotic resistance [Escherichia coli str. K-12 substr. MG1655] 	3.72e-07	62	29.032	44	89	22	83	144	1	62	MEKPATRIQRKNRETIREAALDVFSQHGFRGATLDQIAQAAGLSKPNLLYYFPSKEAIHVEL	MARKTKQEAQETRQHILDVALRLFSQQGVSSTSLGEIAKAAGVTRGAIYWHFKDKSDLFSEI
297_RNODE_14_length_50699_54	gb|AAG06962.1|ARO:3000819|nalD	gb|AAG06962.1|ARO:3000819|nalD [Pseudomonas aeruginosa PAO1] 	9.58e-07	56	32.143	38	85	20	93	148	10	65	KNRETIREAALDVFSQHGFRGATLDQIAQAAGLSKPNLLYYFPSKEAIHVELLSHL	KTRTAILLAAEELFLEKGVSHTSLEQIARAAGVTRGAVYWHFQNKAHLFNEMLNQV
297_RNODE_14_length_50699_54	gb|CAD09823.1|ARO:3003479|tetR	gb|CAD09823.1|ARO:3003479|tetR [Salmonella enterica subsp. enterica serovar Typhi str. CT18] 	3.27e-05	51	25.49	38	73	18	90	140	2	52	IQRKNRETIREAALDVFSQHGFRGATLDQIAQAAGLSKPNLLYYFPSKEAI	MSRLDKSKVINSALELLNEVGIEGLTTRKLAQKLGVEQPTLYWHVKNKRAL
291_RNODE_30_length_59530_17	gb|AAG07988.1|ARO:3004059|Type	gb|AAG07988.1|ARO:3004059|Type A NfxB [Pseudomonas aeruginosa PAO1] 	0.000622	22	40.909	13	54	33	23	44	69	90	CDKTHRNPANMISKLIDSHLTY	CDLEHAEPLEALQRLIKEHLTH
297_RNODE_13_length_755597_154	gb|AAC73566.1|ARO:3003807|Escherichia	gb|AAC73566.1|ARO:3003807|Escherichia coli acrR with mutation conferring multidrug antibiotic resistance [Escherichia coli str. K-12 substr. MG1655] 	8.28e-09	99	24.242	70	99	47	1	96	1	97	MARSIARDHDEKRAAILRGAARVFARDGFDRASMTQLAKECGISKANVYHYYTSKDAILYDVLDGYLSDLAERVTGLDLTGASPED---ALRRVVVEIM	MARKTKQEAQETRQHILDVALRLFSQQGVSSTSLGEIAKAAGVTRGAIYWHFKDKSDLFSEIWELSESNIGE--LELEYQAKFPGDPLSVLREILIHVL
297_RNODE_13_length_755597_154	gb|AAG05408.1|ARO:3003709|mexZ	gb|AAG05408.1|ARO:3003709|mexZ [Pseudomonas aeruginosa PAO1] 	1.03e-07	135	27.407	85	91	60	1	122	1	135	MARSIARDHDEKRAAILRGAARVFARDGFDRASMTQLAKECGISKANVYHYYTSKDAILYDVLDG-----YLSDLAERVTGLDLTGASPEDALRRV--------VVEIMLAYEGADDEHRVQMSGVDLLPPDQQR	MARKTKEESQKTRDGILDAAERVFLEKGVGTTAMADLADAAGVSRGAVYGHYKNKIEVCLAMCDRAFGQIEVPDENARVPALDILLRAGMGFLRQCCEPGSVQRVLEILYLKCERSDENEPLLRRRELLEKQGQR
297_RNODE_13_length_755597_219	gb|AAC73566.1|ARO:3003807|Escherichia	gb|AAC73566.1|ARO:3003807|Escherichia coli acrR with mutation conferring multidrug antibiotic resistance [Escherichia coli str. K-12 substr. MG1655] 	4.75e-09	54	37.037	34	105	14	192	245	9	62	ADDKAAAILAAATEAFARYGYRRTSMADVAAEAGMSRAALYLHFKNKEDIFTSL	AQETRQHILDVALRLFSQQGVSSTSLGEIAKAAGVTRGAIYWHFKDKSDLFSEI
297_RNODE_13_length_755597_219	gb|AAG05408.1|ARO:3003709|mexZ	gb|AAG05408.1|ARO:3003709|mexZ [Pseudomonas aeruginosa PAO1] 	1.8e-08	54	42.593	31	100	14	199	252	16	69	ILAAATEAFARYGYRRTSMADVAAEAGMSRAALYLHFKNKEDIFTSLVQAYFAQ	ILDAAERVFLEKGVGTTAMADLADAAGVSRGAVYGHYKNKIEVCLAMCDRAFGQ
297_RNODE_13_length_755597_219	gb|AAG07108.1|ARO:3000818|nalC	gb|AAG07108.1|ARO:3000818|nalC [Pseudomonas aeruginosa PAO1] 	1.3e-06	49	40.816	29	86	13	198	246	18	66	AILAAATEAFARYGYRRTSMADVAAEAGMSRAALYLHFKNKEDIFTSLV	AMLDAATQAFLEHGFEGTTLDMVIERAGGSRGTLYSSFGGKEGLFAAVI
297_RNODE_13_length_755597_98	gb|AAC74603.2|ARO:3003378|Escherichia	gb|AAC74603.2|ARO:3003378|Escherichia coli marR mutant conferring antibiotic resistance [Escherichia coli str. K-12 substr. MG1655] 	3.87e-06	139	26.619	95	76	82	18	151	6	142	DLLSGSIPYQIRLLQIASYKS---FEQRVTGYGSAPRYFGMLKIVEANPGIPQARLAEAIYLDRSSLVPILETLTREGWTLRRKTATDKRVRRVFLTDTGQARLQALEAEV--RAHETMVVKGLTAADKSTLLGLLARV	DLFNEIIPLG-RLIHMVNQKKDRLLNEYLSPLDITAAQFKVLCSIRCAACITPVELKKVLSVDLGALTRMLDRLVCKGWVERLPNPNDKRGVLVKLTTGGAAICEQCHQLVGQDLHQEL-TKNLTADEVATLEYLLKKV
297_RNODE_13_length_755597_448	gb|AAG03813.1|ARO:3000506|mexR	gb|AAG03813.1|ARO:3000506|mexR [Pseudomonas aeruginosa PAO1] 	3.14e-12	121	31.405	83	119	79	23	143	18	138	QNVTALFRDRMGAMNLDLTPVQFAVLAALDEVGETDQAKLAVLVAYDKVTIGGVVDRLVAKGLVDRRPSKIDRRAKVLRLTQTGTVLLDRARPTVRDLQDELLGGLTPEEAETLVTLLAKA	QHVRTRIQSELDCQRLDLTPPDVHVLKLIDEQRGLNLQDLGRQMCRDKALITRKIRELEGRNLVRRERNPSDQRSFQLFLTDEGLAIHQHAEAIMSRVHDELFAPLTPVEQATLVHLLDQC
